account_id,name,date,amount,new_balance,transaction_type,from_account,to_account
1,Transfer to Savings,2025-03-05 11:00:00,150.00,1350.00,Transfer,1,2
2,Transfer to Checking,2025-03-06 11:00:00,160.00,1340.00,Transfer,2,3
3,Transfer to Savings,2025-03-07 11:00:00,170.00,1330.00,Transfer,3,4
4,Transfer to Checking,2025-03-08 11:00:00,180.00,1320.00,Transfer,4,5
5,Transfer to Savings,2025-03-09 11:00:00,190.00,1310.00,Transfer,5,6
6,Transfer to Checking,2025-03-10 11:00:00,200.00,1300.00,Transfer,6,7
7,Transfer to Savings,2025-03-11 11:00:00,210.00,1290.00,Transfer,7,8
8,Transfer to Checking,2025-03-12 11:00:00,220.00,1280.00,Transfer,8,9
9,Transfer to Savings,2025-03-13 11:00:00,230.00,1270.00,Transfer,9,10
10,Transfer to Checking,2025-03-14 11:00:00,240.00,1260.00,Transfer,10,1
1,Transfer to Savings,2025-03-15 11:00:00,250.00,1250.00,Transfer,1,3
2,Transfer to Checking,2025-03-16 11:00:00,260.00,1240.00,Transfer,2,4
3,Transfer to Savings,2025-03-17 11:00:00,270.00,1230.00,Transfer,3,5
4,Transfer to Checking,2025-03-18 11:00:00,280.00,1220.00,Transfer,4,6
5,Transfer to Savings,2025-03-19 11:00:00,290.00,1210.00,Transfer,5,7
6,Transfer to Checking,2025-03-20 11:00:00,300.00,1200.00,Transfer,6,8
7,Transfer to Savings,2025-03-21 11:00:00,310.00,1190.00,Transfer,7,9
8,Transfer to Checking,2025-03-22 11:00:00,320.00,1180.00,Transfer,8,10
9,Transfer to Savings,2025-03-23 11:00:00,330.00,1170.00,Transfer,9,1
10,Transfer to Checking,2025-03-24 11:00:00,340.00,1160.00,Transfer,10,2