transaction_id,account_id,name,date,amount,new_balance,transaction_type
1,1,"ATM Withdrawal","2025-03-05 12:00:00",100.00,1400.00,Withdrawal
2,2,"ATM Withdrawal","2025-03-06 12:00:00",110.00,1390.00,Withdrawal
3,3,"ATM Withdrawal","2025-03-07 12:00:00",120.00,1380.00,Withdrawal
4,4,"ATM Withdrawal","2025-03-08 12:00:00",130.00,1370.00,Withdrawal
5,5,"ATM Withdrawal","2025-03-09 12:00:00",140.00,1360.00,Withdrawal
6,6,"ATM Withdrawal","2025-03-10 12:00:00",150.00,1350.00,Withdrawal
7,7,"ATM Withdrawal","2025-03-11 12:00:00",160.00,1340.00,Withdrawal
8,8,"ATM Withdrawal","2025-03-12 12:00:00",170.00,1330.00,Withdrawal
9,9,"ATM Withdrawal","2025-03-13 12:00:00",180.00,1320.00,Withdrawal
10,10,"ATM Withdrawal","2025-03-14 12:00:00",190.00,1310.00,Withdrawal
11,1,"ATM Withdrawal","2025-03-15 12:00:00",200.00,1300.00,Withdrawal
12,2,"ATM Withdrawal","2025-03-16 12:00:00",210.00,1290.00,Withdrawal
13,3,"ATM Withdrawal","2025-03-17 12:00:00",220.00,1280.00,Withdrawal
14,4,"ATM Withdrawal","2025-03-18 12:00:00",230.00,1270.00,Withdrawal
15,5,"ATM Withdrawal","2025-03-19 12:00:00",240.00,1260.00,Withdrawal
16,6,"ATM Withdrawal","2025-03-20 12:00:00",250.00,1250.00,Withdrawal
17,7,"ATM Withdrawal","2025-03-21 12:00:00",260.00,1240.00,Withdrawal
18,8,"ATM Withdrawal","2025-03-22 12:00:00",270.00,1230.00,Withdrawal
19,9,"ATM Withdrawal","2025-03-23 12:00:00",280.00,1220.00,Withdrawal
20,10,"ATM Withdrawal","2025-03-24 12:00:00",290.00,1210.00,Withdrawal
